,fname,resolution,missing code,loinc_ent,ner entity
0,1871_01585730391.json,,24558-9,"{'textSpan': {'text': 'Transabdominal', 'beginOffset': 203}, 'certainty': 'POSITIVE', 'status': 'CURRENT', 'section': {'text': 'TECHNIQUE', 'beginOffset': 192}}","{'certainty': 'POSITIVE', 'confidence': 0.5, 'drugStatus': None, 'id': 4, 'metadata': {'drugData': {'dose': [], 'form': [], 'frequency': [], 'route': [], 'strength': [], 'unit': []}, 'labData': {'method': [], 'system': [], 'unit': [], 'value': []}, 'measData': {'unit': [], 'value': []}, 'normalization': [{'begin': [203], 'cuis': ['C2348813'], 'end': [228], 'sourceType': ['MTH'], 'suis': [], 'tuis': ['T060']}, {'begin': [203], 'cuis': ['C0205496'], 'end': [217], 'sourceType': ['SNOMEDCT_US'], 'suis': [], 'tuis': ['T082']}, {'begin': [218], 'cuis': ['C0041618'], 'end': [228], 'sourceType': ['SNOMEDCT_US'], 'suis': [], 'tuis': ['T060']}]}, 'sectionId': 3, 'segmentId': 6, 'sentenceId': 6, 'status': 'CURRENT', 'textSpan': [{'begin': 203, 'end': 228, 'text': 'Transabdominal ultrasound'}], 'type': 'PROCEDURE'}"
1,1943_20160623102002750_part3.json,,38073-3,"{'textSpan': {'text': 'x-rays', 'beginOffset': 1292}, 'certainty': 'POSITIVE', 'status': 'FUTURISTIC', 'section': {'text': 'Report Unknown Section', 'beginOffset': 176}}","{'certainty': 'POSITIVE', 'confidence': 0.5, 'drugStatus': None, 'id': 60, 'metadata': {'drugData': {'dose': [], 'form': [], 'frequency': [], 'route': [], 'strength': [], 'unit': []}, 'labData': {'method': [], 'system': [], 'unit': [], 'value': []}, 'measData': {'unit': [], 'value': []}, 'normalization': [{'begin': [1292], 'cuis': ['C1306645', 'C0043299'], 'end': [1298], 'sourceType': ['LNC', 'MEDLINEPLUS'], 'suis': [], 'tuis': ['T060', 'T060']}, {'begin': [1292], 'cuis': ['C0439122', 'C0441950'], 'end': [1293], 'sourceType': ['SNOMEDCT_US', 'SNOMEDCT_US'], 'suis': [], 'tuis': ['T170', 'T170']}, {'begin': [1294], 'cuis': ['C0851346'], 'end': [1298], 'sourceType': ['SNOMEDCT_US'], 'suis': [], 'tuis': ['T070']}]}, 'sectionId': 2, 'segmentId': 8, 'sentenceId': 8, 'status': 'FUTURISTIC', 'textSpan': [{'begin': 1292, 'end': 1298, 'text': 'x-rays'}], 'type': 'PROCEDURE'}"
2,1943_20160623102002750_part3.json,,38073-3,"{'textSpan': {'text': 'rib', 'beginOffset': 1288}, 'certainty': 'POSITIVE', 'status': 'FUTURISTIC', 'section': {'text': 'Report Unknown Section', 'beginOffset': 176}}","{'certainty': 'POSITIVE', 'confidence': 0.5, 'drugStatus': None, 'id': 59, 'metadata': {'drugData': {'dose': [], 'form': [], 'frequency': [], 'route': [], 'strength': [], 'unit': []}, 'labData': {'method': [], 'system': [], 'unit': [], 'value': []}, 'measData': {'unit': [], 'value': []}, 'normalization': [{'begin': [1288], 'cuis': ['C0035561'], 'end': [1291], 'sourceType': ['SNOMEDCT_US'], 'suis': [], 'tuis': ['T023']}]}, 'sectionId': 2, 'segmentId': 8, 'sentenceId': 8, 'status': 'FUTURISTIC', 'textSpan': [{'begin': 1288, 'end': 1291, 'text': 'rib'}], 'type': 'ANATOMICAL_STRUCTURE'}"
3,35863_2226155.json,,44115-4,"{'textSpan': {'text': 'CT', 'beginOffset': 536}, 'certainty': 'POSITIVE', 'status': 'CURRENT', 'section': {'text': 'PROCEDURE', 'beginOffset': 525}}","{'certainty': 'POSITIVE', 'confidence': 0.5, 'drugStatus': None, 'id': 3, 'metadata': {'drugData': {'dose': [], 'form': [], 'frequency': [], 'route': [], 'strength': [], 'unit': []}, 'labData': {'method': [], 'system': [], 'unit': [], 'value': []}, 'measData': {'unit': [], 'value': []}, 'normalization': [{'begin': [536], 'cuis': ['C0040405'], 'end': [538], 'sourceType': ['NCI'], 'suis': [], 'tuis': ['T060']}]}, 'sectionId': 10, 'segmentId': 15, 'sentenceId': 16, 'status': 'CURRENT', 'textSpan': [{'begin': 536, 'end': 538, 'text': 'CT'}], 'type': 'PROCEDURE'}"
4,35863_2226155.json,,44115-4,"{'textSpan': {'text': 'ABDOMEN', 'beginOffset': 539}, 'certainty': 'POSITIVE', 'status': 'CURRENT', 'section': {'text': 'PROCEDURE', 'beginOffset': 525}}","{'certainty': 'POSITIVE', 'confidence': 0.5, 'drugStatus': None, 'id': 4, 'metadata': {'drugData': {'dose': [], 'form': [], 'frequency': [], 'route': [], 'strength': [], 'unit': []}, 'labData': {'method': [], 'system': [], 'unit': [], 'value': []}, 'measData': {'unit': [], 'value': []}, 'normalization': [{'begin': [539], 'cuis': ['C0000726'], 'end': [546], 'sourceType': ['MTH'], 'suis': [], 'tuis': ['T029']}]}, 'sectionId': 10, 'segmentId': 15, 'sentenceId': 16, 'status': 'CURRENT', 'textSpan': [{'begin': 539, 'end': 546, 'text': 'ABDOMEN'}], 'type': 'ANATOMICAL_STRUCTURE'}"
5,35863_2226155.json,,44115-4,"{'textSpan': {'text': 'PELVIS', 'beginOffset': 551}, 'certainty': 'POSITIVE', 'status': 'CURRENT', 'section': {'text': 'PROCEDURE', 'beginOffset': 525}}","{'certainty': 'POSITIVE', 'confidence': 0.5, 'drugStatus': None, 'id': 5, 'metadata': {'drugData': {'dose': [], 'form': [], 'frequency': [], 'route': [], 'strength': [], 'unit': []}, 'labData': {'method': [], 'system': [], 'unit': [], 'value': []}, 'measData': {'unit': [], 'value': []}, 'normalization': [{'begin': [551], 'cuis': ['C0030797'], 'end': [557], 'sourceType': ['MTH'], 'suis': [], 'tuis': ['T023']}]}, 'sectionId': 10, 'segmentId': 15, 'sentenceId': 16, 'status': 'CURRENT', 'textSpan': [{'begin': 551, 'end': 557, 'text': 'PELVIS'}], 'type': 'ANATOMICAL_STRUCTURE'}"
6,13298_PDOC-ITS20151206-0413_part2.json,,2823-3,"{'textSpan': {'text': 'Potassium', 'beginOffset': 253}, 'certainty': 'POSITIVE', 'status': 'CURRENT', 'section': {'text': 'Note', 'beginOffset': 0}}","{'certainty': 'POSITIVE', 'confidence': 0.5, 'drugStatus': 'CONTINUE', 'id': 5, 'metadata': {'drugData': {'dose': [], 'form': [], 'frequency': [], 'route': [], 'strength': [], 'unit': []}, 'labData': {'method': [], 'system': [], 'unit': [], 'value': []}, 'measData': {'unit': [], 'value': []}, 'normalization': [{'begin': [253], 'cuis': ['C0032821'], 'end': [262], 'sourceType': ['MTH'], 'suis': [], 'tuis': ['T196, T123, T121']}]}, 'sectionId': 1, 'segmentId': 16, 'sentenceId': 16, 'status': 'CURRENT', 'textSpan': [{'begin': 253, 'end': 262, 'text': 'Potassium'}], 'type': 'MEDICINE'}"
7,1871_01585730391.json,,24558-9,"{'textSpan': {'text': 'Transabdominal', 'beginOffset': 203}, 'certainty': 'POSITIVE', 'status': 'CURRENT', 'section': {'text': 'TECHNIQUE', 'beginOffset': 192}}","{'certainty': 'POSITIVE', 'confidence': 0.5, 'drugStatus': None, 'id': 4, 'metadata': {'drugData': {'dose': [], 'form': [], 'frequency': [], 'route': [], 'strength': [], 'unit': []}, 'labData': {'method': [], 'system': [], 'unit': [], 'value': []}, 'measData': {'unit': [], 'value': []}, 'normalization': [{'begin': [203], 'cuis': ['C2348813'], 'end': [228], 'sourceType': ['MTH'], 'suis': [], 'tuis': ['T060']}, {'begin': [203], 'cuis': ['C0205496'], 'end': [217], 'sourceType': ['SNOMEDCT_US'], 'suis': [], 'tuis': ['T082']}, {'begin': [218], 'cuis': ['C0041618'], 'end': [228], 'sourceType': ['SNOMEDCT_US'], 'suis': [], 'tuis': ['T060']}]}, 'sectionId': 3, 'segmentId': 6, 'sentenceId': 6, 'status': 'CURRENT', 'textSpan': [{'begin': 203, 'end': 228, 'text': 'Transabdominal ultrasound'}], 'type': 'PROCEDURE'}"
8,35863_2226155.json,,44115-4,"{'textSpan': {'text': 'CT', 'beginOffset': 536}, 'certainty': 'POSITIVE', 'status': 'CURRENT', 'section': {'text': 'PROCEDURE', 'beginOffset': 525}}","{'certainty': 'POSITIVE', 'confidence': 0.5, 'drugStatus': None, 'id': 3, 'metadata': {'drugData': {'dose': [], 'form': [], 'frequency': [], 'route': [], 'strength': [], 'unit': []}, 'labData': {'method': [], 'system': [], 'unit': [], 'value': []}, 'measData': {'unit': [], 'value': []}, 'normalization': [{'begin': [536], 'cuis': ['C0040405'], 'end': [538], 'sourceType': ['NCI'], 'suis': [], 'tuis': ['T060']}]}, 'sectionId': 10, 'segmentId': 15, 'sentenceId': 16, 'status': 'CURRENT', 'textSpan': [{'begin': 536, 'end': 538, 'text': 'CT'}], 'type': 'PROCEDURE'}"
9,35863_2226155.json,,44115-4,"{'textSpan': {'text': 'ABDOMEN', 'beginOffset': 539}, 'certainty': 'POSITIVE', 'status': 'CURRENT', 'section': {'text': 'PROCEDURE', 'beginOffset': 525}}","{'certainty': 'POSITIVE', 'confidence': 0.5, 'drugStatus': None, 'id': 4, 'metadata': {'drugData': {'dose': [], 'form': [], 'frequency': [], 'route': [], 'strength': [], 'unit': []}, 'labData': {'method': [], 'system': [], 'unit': [], 'value': []}, 'measData': {'unit': [], 'value': []}, 'normalization': [{'begin': [539], 'cuis': ['C0000726'], 'end': [546], 'sourceType': ['MTH'], 'suis': [], 'tuis': ['T029']}]}, 'sectionId': 10, 'segmentId': 15, 'sentenceId': 16, 'status': 'CURRENT', 'textSpan': [{'begin': 539, 'end': 546, 'text': 'ABDOMEN'}], 'type': 'ANATOMICAL_STRUCTURE'}"
10,35863_2226155.json,,44115-4,"{'textSpan': {'text': 'PELVIS', 'beginOffset': 551}, 'certainty': 'POSITIVE', 'status': 'CURRENT', 'section': {'text': 'PROCEDURE', 'beginOffset': 525}}","{'certainty': 'POSITIVE', 'confidence': 0.5, 'drugStatus': None, 'id': 5, 'metadata': {'drugData': {'dose': [], 'form': [], 'frequency': [], 'route': [], 'strength': [], 'unit': []}, 'labData': {'method': [], 'system': [], 'unit': [], 'value': []}, 'measData': {'unit': [], 'value': []}, 'normalization': [{'begin': [551], 'cuis': ['C0030797'], 'end': [557], 'sourceType': ['MTH'], 'suis': [], 'tuis': ['T023']}]}, 'sectionId': 10, 'segmentId': 15, 'sentenceId': 16, 'status': 'CURRENT', 'textSpan': [{'begin': 551, 'end': 557, 'text': 'PELVIS'}], 'type': 'ANATOMICAL_STRUCTURE'}"
11,11465_1019798.001.json,,44115-4,"{'textSpan': {'text': 'CT', 'beginOffset': 13}, 'certainty': 'POSITIVE', 'status': 'CURRENT', 'section': {'text': 'Procedure/s', 'beginOffset': 0}}","{'certainty': 'POSITIVE', 'confidence': 0.5, 'drugStatus': None, 'id': 1, 'metadata': {'drugData': {'dose': [], 'form': [], 'frequency': [], 'route': [], 'strength': [], 'unit': []}, 'labData': {'method': [], 'system': [], 'unit': [], 'value': []}, 'measData': {'unit': [], 'value': []}, 'normalization': [{'begin': [13], 'cuis': ['C0040405'], 'end': [15], 'sourceType': ['NCI'], 'suis': [], 'tuis': ['T060']}]}, 'sectionId': 1, 'segmentId': 1, 'sentenceId': 1, 'status': 'CURRENT', 'textSpan': [{'begin': 13, 'end': 15, 'text': 'CT'}], 'type': 'PROCEDURE'}"
12,11465_1019798.001.json,,44115-4,"{'textSpan': {'text': 'ABDOMEN PELVIS', 'beginOffset': 16}, 'certainty': 'POSITIVE', 'status': 'CURRENT', 'section': {'text': 'Procedure/s', 'beginOffset': 0}}","{'certainty': 'POSITIVE', 'confidence': 0.5, 'drugStatus': None, 'id': 2, 'metadata': {'drugData': {'dose': [], 'form': [], 'frequency': [], 'route': [], 'strength': [], 'unit': []}, 'labData': {'method': [], 'system': [], 'unit': [], 'value': []}, 'measData': {'unit': [], 'value': []}, 'normalization': [{'begin': [16], 'cuis': ['C0000726'], 'end': [23], 'sourceType': ['MTH'], 'suis': [], 'tuis': ['T029']}]}, 'sectionId': 1, 'segmentId': 1, 'sentenceId': 1, 'status': 'CURRENT', 'textSpan': [{'begin': 16, 'end': 23, 'text': 'ABDOMEN'}], 'type': 'ANATOMICAL_STRUCTURE'}"
13,1980_20160623231509450_part2.json,,3298-7,"{'textSpan': {'text': 'ACETAMINOPHEN', 'beginOffset': 1369}, 'certainty': 'POSITIVE', 'status': 'CURRENT', 'section': {'text': 'Laboratory results', 'beginOffset': 0}}","{'certainty': 'POSITIVE', 'confidence': 0.5, 'drugStatus': 'CONTINUE', 'id': 24, 'metadata': {'drugData': {'dose': [], 'form': [], 'frequency': [], 'route': [], 'strength': [], 'unit': []}, 'labData': {'method': [], 'system': [], 'unit': [], 'value': []}, 'measData': {'unit': [], 'value': []}, 'normalization': [{'begin': [1369], 'cuis': ['C0000970'], 'end': [1382], 'sourceType': ['MTH'], 'suis': [], 'tuis': ['T109, T121']}]}, 'sectionId': 1, 'segmentId': 18, 'sentenceId': 18, 'status': 'CURRENT', 'textSpan': [{'begin': 1369, 'end': 1382, 'text': 'ACETAMINOPHEN'}], 'type': 'MEDICINE'}"
14,21034_1718311.json,,35969-5,"{'textSpan': {'text': 'CT', 'beginOffset': 1232}, 'certainty': 'POSITIVE', 'status': 'CURRENT', 'section': {'text': 'Problem', 'beginOffset': 1187}}","{'certainty': 'POSITIVE', 'confidence': 0.5, 'drugStatus': None, 'id': 30, 'metadata': {'drugData': {'dose': [], 'form': [], 'frequency': [], 'route': [], 'strength': [], 'unit': []}, 'labData': {'method': [], 'system': [], 'unit': [], 'value': []}, 'measData': {'unit': [], 'value': []}, 'normalization': [{'begin': [1232], 'cuis': ['C0040405'], 'end': [1234], 'sourceType': ['NCI'], 'suis': [], 'tuis': ['T060']}]}, 'sectionId': 14, 'segmentId': 36, 'sentenceId': 37, 'status': 'CURRENT', 'textSpan': [{'begin': 1232, 'end': 1234, 'text': 'CT'}], 'type': 'PROCEDURE'}"
15,21034_1718311.json,,35969-5,"{'textSpan': {'text': 'ESOPHAGUS', 'beginOffset': 1213}, 'certainty': 'POSITIVE', 'status': 'CURRENT', 'section': {'text': 'Problem', 'beginOffset': 1187}}","{'certainty': 'POSITIVE', 'confidence': 0.5, 'drugStatus': None, 'id': 29, 'metadata': {'drugData': {'dose': [], 'form': [], 'frequency': [], 'route': [], 'strength': [], 'unit': []}, 'labData': {'method': [], 'system': [], 'unit': [], 'value': []}, 'measData': {'unit': [], 'value': []}, 'normalization': [{'begin': [1213], 'cuis': ['C0014876'], 'end': [1222], 'sourceType': ['MTH'], 'suis': [], 'tuis': ['T023']}]}, 'sectionId': 14, 'segmentId': 36, 'sentenceId': 37, 'status': 'CURRENT', 'textSpan': [{'begin': 1213, 'end': 1222, 'text': 'ESOPHAGUS'}], 'type': 'ANATOMICAL_STRUCTURE'}"
16,5798_PDOC-ITS20151006-0873_part2.json,,37532-9,"{'textSpan': {'text': 'great toe', 'beginOffset': 2201}, 'certainty': 'POSITIVE', 'status': 'CURRENT', 'section': {'text': 'Assess/Plan', 'beginOffset': 2174}}","{'certainty': 'POSITIVE', 'confidence': 0.5, 'drugStatus': None, 'id': 87, 'metadata': {'drugData': {'dose': [], 'form': [], 'frequency': [], 'route': [], 'strength': [], 'unit': []}, 'labData': {'method': [], 'system': [], 'unit': [], 'value': []}, 'measData': {'unit': [], 'value': []}, 'normalization': [{'begin': [2201], 'cuis': ['C0018534'], 'end': [2210], 'sourceType': ['SNOMEDCT_US'], 'suis': [], 'tuis': ['T023']}, {'begin': [2201], 'cuis': ['C1704243'], 'end': [2206], 'sourceType': ['NCI'], 'suis': [], 'tuis': ['T081']}, {'begin': [2207], 'cuis': ['C0040357'], 'end': [2210], 'sourceType': ['SNOMEDCT_US'], 'suis': [], 'tuis': ['T023']}]}, 'sectionId': 15, 'segmentId': 29, 'sentenceId': 29, 'status': 'CURRENT', 'textSpan': [{'begin': 2201, 'end': 2210, 'text': 'great toe'}], 'type': 'ANATOMICAL_STRUCTURE'}"
17,1871_01585730391.json,,24869-0,"{'textSpan': {'text': 'sonographic', 'beginOffset': 884}, 'certainty': 'NEGATIVE', 'status': 'CURRENT', 'section': {'text': 'IMPRESSION', 'beginOffset': 868}}","{'certainty': 'NEGATIVE', 'confidence': 0.5, 'drugStatus': None, 'id': 35, 'metadata': {'drugData': {'dose': [], 'form': [], 'frequency': [], 'route': [], 'strength': [], 'unit': []}, 'labData': {'method': [], 'system': [], 'unit': [], 'value': []}, 'measData': {'unit': [], 'value': []}, 'normalization': [{'begin': [884], 'cuis': ['C2183261'], 'end': [895], 'sourceType': ['MEDCIN'], 'suis': [], 'tuis': ['T033']}, {'begin': [896], 'cuis': ['C2926606'], 'end': [904], 'sourceType': ['LNC'], 'suis': [], 'tuis': ['T201']}]}, 'sectionId': 4, 'segmentId': 27, 'sentenceId': 27, 'status': 'CURRENT', 'textSpan': [{'begin': 884, 'end': 904, 'text': 'sonographic findings'}], 'type': 'FINDING'}"
18,1871_01585730391.json,,24869-0,"{'textSpan': {'text': 'pelvic', 'beginOffset': 926}, 'certainty': 'NEGATIVE', 'status': 'CURRENT', 'section': {'text': 'IMPRESSION', 'beginOffset': 868}}","{'certainty': 'NEGATIVE', 'confidence': 0.5, 'drugStatus': None, 'id': 36, 'metadata': {'drugData': {'dose': [], 'form': [], 'frequency': [], 'route': [], 'strength': [], 'unit': []}, 'labData': {'method': [], 'system': [], 'unit': [], 'value': []}, 'measData': {'unit': [], 'value': []}, 'normalization': [{'begin': [926], 'cuis': ['C0030794'], 'end': [937], 'sourceType': ['MTH'], 'suis': [], 'tuis': ['T184']}, {'begin': [926], 'cuis': ['C0030797'], 'end': [932], 'sourceType': ['SNOMEDCT_US'], 'suis': [], 'tuis': ['T023']}, {'begin': [933], 'cuis': ['C0030193'], 'end': [937], 'sourceType': ['MTH'], 'suis': [], 'tuis': ['T184']}]}, 'sectionId': 4, 'segmentId': 27, 'sentenceId': 27, 'status': 'CURRENT', 'textSpan': [{'begin': 926, 'end': 937, 'text': 'pelvic pain'}], 'type': 'PROBLEM'}"
19,29790_1753781.json,,37636-8,"{'textSpan': {'text': 'abdominal', 'beginOffset': 1104}, 'certainty': 'POSITIVE', 'status': 'CURRENT', 'section': {'text': 'OBJECTIVE', 'beginOffset': 970}}","{'certainty': 'POSITIVE', 'confidence': 0.5, 'drugStatus': None, 'id': 1, 'metadata': {'drugData': {'dose': [], 'form': [], 'frequency': [], 'route': [], 'strength': [], 'unit': []}, 'labData': {'method': [], 'system': [], 'unit': [], 'value': []}, 'measData': {'unit': [], 'value': []}, 'normalization': [{'begin': [1104], 'cuis': ['C0034573', 'C0034573', 'C0034573'], 'end': [1120], 'sourceType': ['SNOMEDCT_US', 'CHV', ''], 'suis': ['S0792594', 'S10256183', 'S6942268'], 'tuis': ['T060', 'T060', 'T060']}, {'begin': [1116], 'cuis': ['C0851346'], 'end': [1120], 'sourceType': ['SNOMEDCT_US'], 'suis': [], 'tuis': ['T070']}, {'begin': [1104], 'cuis': ['C5200941'], 'end': [1113], 'sourceType': ['SNOMEDCT_US'], 'suis': [], 'tuis': ['T082']}, {'begin': [1114], 'cuis': ['C0439122', 'C0441950'], 'end': [1115], 'sourceType': ['SNOMEDCT_US', 'SNOMEDCT_US'], 'suis': [], 'tuis': ['T170', 'T170']}]}, 'sectionId': 13, 'segmentId': 22, 'sentenceId': 25, 'status': 'CURRENT', 'textSpan': [{'begin': 1104, 'end': 1120, 'text': 'abdominal x-rays'}], 'type': 'PROCEDURE'}"
20,183_00025257287.json,,69308-5,"{'textSpan': {'text': 'Radiograph', 'beginOffset': 148}, 'certainty': 'POSITIVE', 'status': 'CURRENT', 'section': {'text': 'PROCEDURE', 'beginOffset': 137}}","{'certainty': 'POSITIVE', 'confidence': 0.5, 'drugStatus': None, 'id': 11, 'metadata': {'drugData': {'dose': [], 'form': [], 'frequency': [], 'route': [], 'strength': [], 'unit': []}, 'labData': {'method': [], 'system': [], 'unit': [], 'value': []}, 'measData': {'unit': [], 'value': []}, 'normalization': [{'begin': [148], 'cuis': ['C1306645'], 'end': [158], 'sourceType': ['SNOMEDCT_US'], 'suis': [], 'tuis': ['T060']}]}, 'sectionId': 3, 'segmentId': 6, 'sentenceId': 6, 'status': 'CURRENT', 'textSpan': [{'begin': 148, 'end': 158, 'text': 'Radiograph'}], 'type': 'PROCEDURE'}"
21,183_00025257287.json,,69308-5,"{'textSpan': {'text': 'left elbow', 'beginOffset': 166}, 'certainty': 'POSITIVE', 'status': 'CURRENT', 'section': {'text': 'PROCEDURE', 'beginOffset': 137}}","{'certainty': 'POSITIVE', 'confidence': 0.5, 'drugStatus': None, 'id': 3, 'metadata': {'drugData': {'dose': [], 'form': [], 'frequency': [], 'route': [], 'strength': [], 'unit': []}, 'labData': {'method': [], 'system': [], 'unit': [], 'value': []}, 'measData': {'unit': [], 'value': []}, 'normalization': [{'begin': [166], 'cuis': ['C0205091'], 'end': [170], 'sourceType': ['MTH'], 'suis': [], 'tuis': ['T082']}]}, 'sectionId': 3, 'segmentId': 6, 'sentenceId': 6, 'status': 'CURRENT', 'textSpan': [{'begin': 166, 'end': 170, 'text': 'left'}], 'type': 'MODIFIER'}"
22,36961_1774164_part2.json,,39326-4,"{'textSpan': {'text': 'X-Ray', 'beginOffset': 4165}, 'certainty': 'POSITIVE', 'status': 'CURRENT', 'section': {'text': 'EKG Interpretation', 'beginOffset': 4017}}","{'certainty': 'POSITIVE', 'confidence': 0.5, 'drugStatus': None, 'id': 195, 'metadata': {'drugData': {'dose': [], 'form': [], 'frequency': [], 'route': [], 'strength': [], 'unit': []}, 'labData': {'method': [], 'system': [], 'unit': [], 'value': []}, 'measData': {'unit': [], 'value': []}, 'normalization': [{'begin': [4165], 'cuis': ['C1962945'], 'end': [4170], 'sourceType': ['SNOMEDCT_US'], 'suis': [], 'tuis': ['T060']}, {'begin': [4165], 'cuis': ['C0439122', 'C0441950'], 'end': [4166], 'sourceType': ['SNOMEDCT_US', 'SNOMEDCT_US'], 'suis': [], 'tuis': ['T170', 'T170']}, {'begin': [4167], 'cuis': ['C0851346', 'C1428870'], 'end': [4170], 'sourceType': ['CHV', 'HGNC'], 'suis': [], 'tuis': ['T070', 'T028']}]}, 'sectionId': 31, 'segmentId': 158, 'sentenceId': 158, 'status': 'CURRENT', 'textSpan': [{'begin': 4165, 'end': 4170, 'text': 'X-Ray'}], 'type': 'PROCEDURE'}"
23,36961_1774164_part2.json,,39326-4,"{'textSpan': {'text': 'Chest', 'beginOffset': 4181}, 'certainty': 'POSITIVE', 'status': 'CURRENT', 'section': {'text': 'EKG Interpretation', 'beginOffset': 4017}}","{'certainty': 'POSITIVE', 'confidence': 0.5, 'drugStatus': None, 'id': 147, 'metadata': {'drugData': {'dose': [], 'form': [], 'frequency': [], 'route': [], 'strength': [], 'unit': []}, 'labData': {'method': [], 'system': [], 'unit': [], 'value': []}, 'measData': {'unit': [], 'value': []}, 'normalization': [{'begin': [4181], 'cuis': ['C0817096'], 'end': [4186], 'sourceType': ['MTH'], 'suis': [], 'tuis': ['T029']}]}, 'sectionId': 31, 'segmentId': 158, 'sentenceId': 158, 'status': 'CURRENT', 'textSpan': [{'begin': 4181, 'end': 4186, 'text': 'Chest'}], 'type': 'ANATOMICAL_STRUCTURE'}"
24,1943_20160623102002750_part3.json,,38073-3,"{'textSpan': {'text': 'x-rays', 'beginOffset': 1292}, 'certainty': 'POSITIVE', 'status': 'FUTURISTIC', 'section': {'text': 'Report Unknown Section', 'beginOffset': 176}}","{'certainty': 'POSITIVE', 'confidence': 0.5, 'drugStatus': None, 'id': 60, 'metadata': {'drugData': {'dose': [], 'form': [], 'frequency': [], 'route': [], 'strength': [], 'unit': []}, 'labData': {'method': [], 'system': [], 'unit': [], 'value': []}, 'measData': {'unit': [], 'value': []}, 'normalization': [{'begin': [1292], 'cuis': ['C1306645', 'C0043299'], 'end': [1298], 'sourceType': ['LNC', 'MEDLINEPLUS'], 'suis': [], 'tuis': ['T060', 'T060']}, {'begin': [1292], 'cuis': ['C0439122', 'C0441950'], 'end': [1293], 'sourceType': ['SNOMEDCT_US', 'SNOMEDCT_US'], 'suis': [], 'tuis': ['T170', 'T170']}, {'begin': [1294], 'cuis': ['C0851346'], 'end': [1298], 'sourceType': ['SNOMEDCT_US'], 'suis': [], 'tuis': ['T070']}]}, 'sectionId': 2, 'segmentId': 8, 'sentenceId': 8, 'status': 'FUTURISTIC', 'textSpan': [{'begin': 1292, 'end': 1298, 'text': 'x-rays'}], 'type': 'PROCEDURE'}"
25,1943_20160623102002750_part3.json,,38073-3,"{'textSpan': {'text': 'rib', 'beginOffset': 1288}, 'certainty': 'POSITIVE', 'status': 'FUTURISTIC', 'section': {'text': 'Report Unknown Section', 'beginOffset': 176}}","{'certainty': 'POSITIVE', 'confidence': 0.5, 'drugStatus': None, 'id': 59, 'metadata': {'drugData': {'dose': [], 'form': [], 'frequency': [], 'route': [], 'strength': [], 'unit': []}, 'labData': {'method': [], 'system': [], 'unit': [], 'value': []}, 'measData': {'unit': [], 'value': []}, 'normalization': [{'begin': [1288], 'cuis': ['C0035561'], 'end': [1291], 'sourceType': ['SNOMEDCT_US'], 'suis': [], 'tuis': ['T023']}]}, 'sectionId': 2, 'segmentId': 8, 'sentenceId': 8, 'status': 'FUTURISTIC', 'textSpan': [{'begin': 1288, 'end': 1291, 'text': 'rib'}], 'type': 'ANATOMICAL_STRUCTURE'}"
26,3547_PDOC-ITS20150807-0709.json,,39326-4,"{'textSpan': {'text': 'XRay', 'beginOffset': 3487}, 'certainty': 'POSITIVE', 'status': 'CURRENT', 'section': {'text': 'Chest XRay', 'beginOffset': 3481}}","{'certainty': 'POSITIVE', 'confidence': 0.5, 'drugStatus': None, 'id': 84, 'metadata': {'drugData': {'dose': [], 'form': [], 'frequency': [], 'route': [], 'strength': [], 'unit': []}, 'labData': {'method': [], 'system': [], 'unit': [], 'value': []}, 'measData': {'unit': [], 'value': []}, 'normalization': [{'begin': [3487], 'cuis': ['C0043309'], 'end': [3491], 'sourceType': ['MSH'], 'suis': [], 'tuis': ['T070']}]}, 'sectionId': 27, 'segmentId': 109, 'sentenceId': 110, 'status': 'CURRENT', 'textSpan': [{'begin': 3487, 'end': 3491, 'text': 'XRay'}], 'type': 'PROCEDURE'}"
27,3547_PDOC-ITS20150807-0709.json,,39326-4,"{'textSpan': {'text': 'Chest', 'beginOffset': 3481}, 'certainty': 'POSITIVE', 'status': 'CURRENT', 'section': {'text': 'Chest XRay', 'beginOffset': 3481}}","{'certainty': 'POSITIVE', 'confidence': 0.5, 'drugStatus': None, 'id': 83, 'metadata': {'drugData': {'dose': [], 'form': [], 'frequency': [], 'route': [], 'strength': [], 'unit': []}, 'labData': {'method': [], 'system': [], 'unit': [], 'value': []}, 'measData': {'unit': [], 'value': []}, 'normalization': [{'begin': [3481], 'cuis': ['C0817096'], 'end': [3486], 'sourceType': ['MTH'], 'suis': [], 'tuis': ['T029']}]}, 'sectionId': 27, 'segmentId': 109, 'sentenceId': 110, 'status': 'CURRENT', 'textSpan': [{'begin': 3481, 'end': 3486, 'text': 'Chest'}], 'type': 'ANATOMICAL_STRUCTURE'}"
28,34750_REDC148873.json,,30709-0,"{'textSpan': {'text': 'lower extremity', 'beginOffset': 2451}, 'certainty': 'POSITIVE', 'status': 'CURRENT', 'section': {'text': 'PLAN', 'beginOffset': 2443}}","{'certainty': 'POSITIVE', 'confidence': 0.5, 'drugStatus': None, 'id': 77, 'metadata': {'drugData': {'dose': [], 'form': [], 'frequency': [], 'route': [], 'strength': [], 'unit': []}, 'labData': {'method': [], 'system': [], 'unit': [], 'value': []}, 'measData': {'unit': [], 'value': []}, 'normalization': [{'begin': [2451], 'cuis': ['C0441994'], 'end': [2456], 'sourceType': ['SNOMEDCT_US'], 'suis': [], 'tuis': ['T082']}]}, 'sectionId': 25, 'segmentId': 32, 'sentenceId': 48, 'status': 'CURRENT', 'textSpan': [{'begin': 2451, 'end': 2456, 'text': 'lower'}], 'type': 'MODIFIER'}"
29,3547_PDOC-ITS20150807-0709.json,,39326-4,"{'textSpan': {'text': 'x-ray', 'beginOffset': 4344}, 'certainty': 'NEGATIVE', 'status': 'HISTORY', 'section': {'text': 'Plan', 'beginOffset': 3907}}","{'certainty': 'NEGATIVE', 'confidence': 0.5, 'drugStatus': None, 'id': 136, 'metadata': {'drugData': {'dose': [], 'form': [], 'frequency': [], 'route': [], 'strength': [], 'unit': []}, 'labData': {'method': [], 'system': [], 'unit': [], 'value': []}, 'measData': {'unit': [], 'value': []}, 'normalization': [{'begin': [4344], 'cuis': ['C1962945'], 'end': [4349], 'sourceType': ['SNOMEDCT_US'], 'suis': [], 'tuis': ['T060']}, {'begin': [4344], 'cuis': ['C0439122', 'C0441950'], 'end': [4345], 'sourceType': ['SNOMEDCT_US', 'SNOMEDCT_US'], 'suis': [], 'tuis': ['T170', 'T170']}, {'begin': [4346], 'cuis': ['C0851346', 'C1428870'], 'end': [4349], 'sourceType': ['CHV', 'HGNC'], 'suis': [], 'tuis': ['T070', 'T028']}]}, 'sectionId': 29, 'segmentId': 115, 'sentenceId': 116, 'status': 'HISTORY', 'textSpan': [{'begin': 4344, 'end': 4349, 'text': 'x-ray'}], 'type': 'PROCEDURE'}"
30,3547_PDOC-ITS20150807-0709.json,,39326-4,"{'textSpan': {'text': 'chest', 'beginOffset': 4338}, 'certainty': 'NEGATIVE', 'status': 'HISTORY', 'section': {'text': 'Plan', 'beginOffset': 3907}}","{'certainty': 'NEGATIVE', 'confidence': 0.5, 'drugStatus': None, 'id': 135, 'metadata': {'drugData': {'dose': [], 'form': [], 'frequency': [], 'route': [], 'strength': [], 'unit': []}, 'labData': {'method': [], 'system': [], 'unit': [], 'value': []}, 'measData': {'unit': [], 'value': []}, 'normalization': [{'begin': [4338], 'cuis': ['C0817096'], 'end': [4343], 'sourceType': ['MTH'], 'suis': [], 'tuis': ['T029']}]}, 'sectionId': 29, 'segmentId': 115, 'sentenceId': 116, 'status': 'HISTORY', 'textSpan': [{'begin': 4338, 'end': 4343, 'text': 'chest'}], 'type': 'ANATOMICAL_STRUCTURE'}"
31,27393_4534471_part1.json,,44115-4,"{'textSpan': {'text': 'CT scan', 'beginOffset': 1737}, 'certainty': 'POSITIVE', 'status': 'CURRENT', 'section': {'text': 'HOSPITAL COURSE', 'beginOffset': 1013}}","{'certainty': 'POSITIVE', 'confidence': 0.5, 'drugStatus': None, 'id': 62, 'metadata': {'drugData': {'dose': [], 'form': [], 'frequency': [], 'route': [], 'strength': [], 'unit': []}, 'labData': {'method': [], 'system': [], 'unit': [], 'value': []}, 'measData': {'unit': [], 'value': []}, 'normalization': [{'begin': [1737], 'cuis': ['C0040405', 'C0040405', 'C0040405'], 'end': [1744], 'sourceType': ['MDR', 'NCI_CDISC', 'NCI_GDC'], 'suis': [], 'tuis': ['T060', 'T060', 'T060']}, {'begin': [1737], 'cuis': ['C0040405'], 'end': [1739], 'sourceType': ['NCI'], 'suis': [], 'tuis': ['T060']}, {'begin': [1740], 'cuis': ['C0441633', 'C0441633'], 'end': [1744], 'sourceType': ['MDR', 'NCI_NCI-GLOSS'], 'suis': [], 'tuis': ['T060', 'T060']}]}, 'sectionId': 10, 'segmentId': 38, 'sentenceId': 42, 'status': 'CURRENT', 'textSpan': [{'begin': 1737, 'end': 1744, 'text': 'CT scan'}], 'type': 'PROCEDURE'}"
32,27393_4534471_part1.json,,44115-4,"{'textSpan': {'text': 'abdomen', 'beginOffset': 1752}, 'certainty': 'POSITIVE', 'status': 'CURRENT', 'section': {'text': 'HOSPITAL COURSE', 'beginOffset': 1013}}","{'certainty': 'POSITIVE', 'confidence': 0.5, 'drugStatus': None, 'id': 63, 'metadata': {'drugData': {'dose': [], 'form': [], 'frequency': [], 'route': [], 'strength': [], 'unit': []}, 'labData': {'method': [], 'system': [], 'unit': [], 'value': []}, 'measData': {'unit': [], 'value': []}, 'normalization': [{'begin': [1752], 'cuis': ['C0000726'], 'end': [1759], 'sourceType': ['MTH'], 'suis': [], 'tuis': ['T029']}]}, 'sectionId': 10, 'segmentId': 38, 'sentenceId': 42, 'status': 'CURRENT', 'textSpan': [{'begin': 1752, 'end': 1759, 'text': 'abdomen'}], 'type': 'ANATOMICAL_STRUCTURE'}"
33,27393_4534471_part1.json,,44115-4,"{'textSpan': {'text': 'pelvis', 'beginOffset': 1764}, 'certainty': 'POSITIVE', 'status': 'CURRENT', 'section': {'text': 'HOSPITAL COURSE', 'beginOffset': 1013}}","{'certainty': 'POSITIVE', 'confidence': 0.5, 'drugStatus': None, 'id': 64, 'metadata': {'drugData': {'dose': [], 'form': [], 'frequency': [], 'route': [], 'strength': [], 'unit': []}, 'labData': {'method': [], 'system': [], 'unit': [], 'value': []}, 'measData': {'unit': [], 'value': []}, 'normalization': [{'begin': [1764], 'cuis': ['C0030797'], 'end': [1770], 'sourceType': ['MTH'], 'suis': [], 'tuis': ['T023']}]}, 'sectionId': 10, 'segmentId': 38, 'sentenceId': 42, 'status': 'CURRENT', 'textSpan': [{'begin': 1764, 'end': 1770, 'text': 'pelvis'}], 'type': 'ANATOMICAL_STRUCTURE'}"
34,3547_PDOC-ITS20150807-0709.json,,39326-4,"{'textSpan': {'text': 'XRay', 'beginOffset': 3487}, 'certainty': 'POSITIVE', 'status': 'CURRENT', 'section': {'text': 'Chest XRay', 'beginOffset': 3481}}","{'certainty': 'POSITIVE', 'confidence': 0.5, 'drugStatus': None, 'id': 84, 'metadata': {'drugData': {'dose': [], 'form': [], 'frequency': [], 'route': [], 'strength': [], 'unit': []}, 'labData': {'method': [], 'system': [], 'unit': [], 'value': []}, 'measData': {'unit': [], 'value': []}, 'normalization': [{'begin': [3487], 'cuis': ['C0043309'], 'end': [3491], 'sourceType': ['MSH'], 'suis': [], 'tuis': ['T070']}]}, 'sectionId': 27, 'segmentId': 109, 'sentenceId': 110, 'status': 'CURRENT', 'textSpan': [{'begin': 3487, 'end': 3491, 'text': 'XRay'}], 'type': 'PROCEDURE'}"
35,3547_PDOC-ITS20150807-0709.json,,39326-4,"{'textSpan': {'text': 'Chest', 'beginOffset': 3481}, 'certainty': 'POSITIVE', 'status': 'CURRENT', 'section': {'text': 'Chest XRay', 'beginOffset': 3481}}","{'certainty': 'POSITIVE', 'confidence': 0.5, 'drugStatus': None, 'id': 83, 'metadata': {'drugData': {'dose': [], 'form': [], 'frequency': [], 'route': [], 'strength': [], 'unit': []}, 'labData': {'method': [], 'system': [], 'unit': [], 'value': []}, 'measData': {'unit': [], 'value': []}, 'normalization': [{'begin': [3481], 'cuis': ['C0817096'], 'end': [3486], 'sourceType': ['MTH'], 'suis': [], 'tuis': ['T029']}]}, 'sectionId': 27, 'segmentId': 109, 'sentenceId': 110, 'status': 'CURRENT', 'textSpan': [{'begin': 3481, 'end': 3486, 'text': 'Chest'}], 'type': 'ANATOMICAL_STRUCTURE'}"
36,32019_2238714.json,,14725-6,"{'textSpan': {'text': 'IV fluids', 'beginOffset': 14687}, 'certainty': 'POSSIBLE_POSITIVE', 'status': 'FUTURISTIC', 'section': {'text': 'Disposition', 'beginOffset': 14377}}","{'certainty': 'POSSIBLE_POSITIVE', 'confidence': 0.5, 'drugStatus': 'CONTINUE', 'id': 246, 'metadata': {'drugData': {'dose': [], 'form': [], 'frequency': [], 'route': [4852], 'strength': [], 'unit': []}, 'labData': {'method': [], 'system': [], 'unit': [], 'value': []}, 'measData': {'unit': [], 'value': []}, 'normalization': [{'begin': [14687], 'cuis': ['C1289919', 'C1289919'], 'end': [14696], 'sourceType': ['SNOMEDCT_US', ''], 'suis': ['S3360306', 'S6148138'], 'tuis': ['T167', 'T167']}, {'begin': [14687], 'cuis': ['C0677510'], 'end': [14689], 'sourceType': ['SNOMEDCT_US'], 'suis': [], 'tuis': ['T170']}, {'begin': [14690], 'cuis': ['C0302908'], 'end': [14696], 'sourceType': ['CHV'], 'suis': [], 'tuis': ['T167']}]}, 'sectionId': 35, 'segmentId': 233, 'sentenceId': 295, 'status': 'CURRENT', 'textSpan': [{'begin': 14687, 'end': 14696, 'text': 'IV fluids'}], 'type': 'MEDICINE'}"
37,12057_15489SRHC_20180814215831.261.json,,36554-4,"{'textSpan': {'text': 'chest', 'beginOffset': 662}, 'certainty': 'POSITIVE', 'status': 'CURRENT', 'section': {'text': 'COMPARISON', 'beginOffset': 621}}","{'certainty': 'POSITIVE', 'confidence': 0.5, 'drugStatus': None, 'id': 7, 'metadata': {'drugData': {'dose': [], 'form': [], 'frequency': [], 'route': [], 'strength': [], 'unit': []}, 'labData': {'method': [], 'system': [], 'unit': [], 'value': []}, 'measData': {'unit': [], 'value': []}, 'normalization': [{'begin': [662], 'cuis': ['C0817096'], 'end': [667], 'sourceType': ['MTH'], 'suis': [], 'tuis': ['T029']}]}, 'sectionId': 13, 'segmentId': 20, 'sentenceId': 21, 'status': 'CURRENT', 'textSpan': [{'begin': 662, 'end': 667, 'text': 'chest'}], 'type': 'ANATOMICAL_STRUCTURE'}"
38,12057_15489SRHC_20180814215831.261.json,,36554-4,"{'textSpan': {'text': 'radiograph', 'beginOffset': 648}, 'certainty': 'POSITIVE', 'status': 'CURRENT', 'section': {'text': 'COMPARISON', 'beginOffset': 621}}","{'certainty': 'POSITIVE', 'confidence': 0.5, 'drugStatus': None, 'id': 20, 'metadata': {'drugData': {'dose': [], 'form': [], 'frequency': [], 'route': [], 'strength': [], 'unit': []}, 'labData': {'method': [], 'system': [], 'unit': [], 'value': []}, 'measData': {'unit': [], 'value': []}, 'normalization': [{'begin': [648], 'cuis': ['C1306645'], 'end': [658], 'sourceType': ['SNOMEDCT_US'], 'suis': [], 'tuis': ['T060']}]}, 'sectionId': 13, 'segmentId': 20, 'sentenceId': 21, 'status': 'CURRENT', 'textSpan': [{'begin': 648, 'end': 658, 'text': 'radiograph'}], 'type': 'PROCEDURE'}"
39,12057_15489SRHC_20180814215831.261.json,,36554-4,"{'textSpan': {'text': 'chest', 'beginOffset': 662}, 'certainty': 'POSITIVE', 'status': 'CURRENT', 'section': {'text': 'COMPARISON', 'beginOffset': 621}}","{'certainty': 'POSITIVE', 'confidence': 0.5, 'drugStatus': None, 'id': 7, 'metadata': {'drugData': {'dose': [], 'form': [], 'frequency': [], 'route': [], 'strength': [], 'unit': []}, 'labData': {'method': [], 'system': [], 'unit': [], 'value': []}, 'measData': {'unit': [], 'value': []}, 'normalization': [{'begin': [662], 'cuis': ['C0817096'], 'end': [667], 'sourceType': ['MTH'], 'suis': [], 'tuis': ['T029']}]}, 'sectionId': 13, 'segmentId': 20, 'sentenceId': 21, 'status': 'CURRENT', 'textSpan': [{'begin': 662, 'end': 667, 'text': 'chest'}], 'type': 'ANATOMICAL_STRUCTURE'}"
40,5798_PDOC-ITS20151006-0873_part2.json,,37532-9,"{'textSpan': {'text': 'great toe', 'beginOffset': 2201}, 'certainty': 'POSITIVE', 'status': 'CURRENT', 'section': {'text': 'Assess/Plan', 'beginOffset': 2174}}","{'certainty': 'POSITIVE', 'confidence': 0.5, 'drugStatus': None, 'id': 87, 'metadata': {'drugData': {'dose': [], 'form': [], 'frequency': [], 'route': [], 'strength': [], 'unit': []}, 'labData': {'method': [], 'system': [], 'unit': [], 'value': []}, 'measData': {'unit': [], 'value': []}, 'normalization': [{'begin': [2201], 'cuis': ['C0018534'], 'end': [2210], 'sourceType': ['SNOMEDCT_US'], 'suis': [], 'tuis': ['T023']}, {'begin': [2201], 'cuis': ['C1704243'], 'end': [2206], 'sourceType': ['NCI'], 'suis': [], 'tuis': ['T081']}, {'begin': [2207], 'cuis': ['C0040357'], 'end': [2210], 'sourceType': ['SNOMEDCT_US'], 'suis': [], 'tuis': ['T023']}]}, 'sectionId': 15, 'segmentId': 29, 'sentenceId': 29, 'status': 'CURRENT', 'textSpan': [{'begin': 2201, 'end': 2210, 'text': 'great toe'}], 'type': 'ANATOMICAL_STRUCTURE'}"
41,9987_PDOC-ITS20151023-0425.json,,2075-0,"{'textSpan': {'text': 'Potassium Chloride', 'beginOffset': 1627}, 'certainty': 'POSITIVE', 'status': 'CURRENT', 'section': {'text': 'Note', 'beginOffset': 1137}}","{'certainty': 'POSITIVE', 'confidence': 0.5, 'drugStatus': 'CONTINUE', 'id': 31, 'metadata': {'drugData': {'dose': [], 'form': [], 'frequency': [], 'route': [], 'strength': [], 'unit': []}, 'labData': {'method': [], 'system': [], 'unit': [], 'value': []}, 'measData': {'unit': [], 'value': []}, 'normalization': [{'begin': [1627], 'cuis': ['C0032825'], 'end': [1645], 'sourceType': ['MTH'], 'suis': [], 'tuis': ['T121, T197']}, {'begin': [1627], 'cuis': ['C0032821'], 'end': [1636], 'sourceType': ['MTH'], 'suis': [], 'tuis': ['T196, T123, T121']}, {'begin': [1637], 'cuis': ['C0008203'], 'end': [1645], 'sourceType': ['MSH'], 'suis': [], 'tuis': ['T196']}]}, 'sectionId': 8, 'segmentId': 94, 'sentenceId': 94, 'status': 'CURRENT', 'textSpan': [{'begin': 1627, 'end': 1645, 'text': 'Potassium Chloride'}], 'type': 'MEDICINE'}"
42,30052_{3A016245-DBA8-4963-957B-09FC24D33373}.json,,39798-4,"{'textSpan': {'text': 'warfarin', 'beginOffset': 4628}, 'certainty': 'POSITIVE', 'status': 'CURRENT', 'section': {'text': 'Impression and Plan', 'beginOffset': 3268}}","{'certainty': 'POSITIVE', 'confidence': 0.5, 'drugStatus': 'CONTINUE', 'id': 162, 'metadata': {'drugData': {'dose': [], 'form': [], 'frequency': [], 'route': [], 'strength': [], 'unit': []}, 'labData': {'method': [], 'system': [], 'unit': [], 'value': []}, 'measData': {'unit': [], 'value': []}, 'normalization': [{'begin': [4628], 'cuis': ['C0043031'], 'end': [4636], 'sourceType': ['MTH'], 'suis': [], 'tuis': ['T109, T121, T131']}]}, 'sectionId': 23, 'segmentId': 88, 'sentenceId': 106, 'status': 'CURRENT', 'textSpan': [{'begin': 4628, 'end': 4636, 'text': 'warfarin'}], 'type': 'MEDICINE'}"
43,24647_4401651.json,,2028-9,"{'textSpan': {'text': 'CO2', 'beginOffset': 2918}, 'certainty': 'POSITIVE', 'status': 'CURRENT', 'section': {'text': 'LABORATORY DATA', 'beginOffset': 2774}}","{'certainty': 'POSITIVE', 'confidence': 0.5, 'drugStatus': None, 'id': 118, 'metadata': {'drugData': {'dose': [], 'form': [], 'frequency': [], 'route': [], 'strength': [], 'unit': []}, 'labData': {'method': [], 'system': [], 'unit': [], 'value': []}, 'measData': {'unit': [], 'value': [607]}, 'normalization': [{'begin': [2918], 'cuis': ['C1537986', 'C4284286', 'C0007012', 'C0860710', 'C0201930'], 'end': [2921], 'sourceType': ['HGNC', 'NCI', 'NCI', 'MDR', 'NCI_CDISC'], 'suis': [], 'tuis': ['T028', 'T028', 'T123, T197', 'T033', 'T059']}]}, 'sectionId': 29, 'segmentId': 42, 'sentenceId': 76, 'status': 'CURRENT', 'textSpan': [{'begin': 2918, 'end': 2921, 'text': 'CO2'}], 'type': 'BODY_MEASUREMENT'}"
44,23774_265223313.json,,26128-9,"{'textSpan': {'text': 'XR', 'beginOffset': 151}, 'certainty': 'POSITIVE', 'status': 'CURRENT', 'section': {'text': 'Report Unknown Section', 'beginOffset': 0}}","{'certainty': 'POSITIVE', 'confidence': 0.5, 'drugStatus': None, 'id': 49, 'metadata': {'drugData': {'dose': [], 'form': [], 'frequency': [], 'route': [], 'strength': [], 'unit': []}, 'labData': {'method': [], 'system': [], 'unit': [], 'value': []}, 'measData': {'unit': [], 'value': []}, 'normalization': [{'begin': [151], 'cuis': ['C1962945'], 'end': [153], 'sourceType': ['LNC'], 'suis': [], 'tuis': ['T060']}]}, 'sectionId': 1, 'segmentId': 4, 'sentenceId': 4, 'status': 'CURRENT', 'textSpan': [{'begin': 151, 'end': 153, 'text': 'XR'}], 'type': 'PROCEDURE'}"
45,23774_265223313.json,,26128-9,"{'textSpan': {'text': 'Left', 'beginOffset': 126}, 'certainty': 'POSITIVE', 'status': 'CURRENT', 'section': {'text': 'Report Unknown Section', 'beginOffset': 0}}","{'certainty': 'POSITIVE', 'confidence': 0.5, 'drugStatus': None, 'id': 46, 'metadata': {'drugData': {'dose': [], 'form': [], 'frequency': [], 'route': [], 'strength': [], 'unit': []}, 'labData': {'method': [], 'system': [], 'unit': [], 'value': []}, 'measData': {'unit': [], 'value': []}, 'normalization': [{'begin': [126], 'cuis': ['C0205091'], 'end': [130], 'sourceType': ['MTH'], 'suis': [], 'tuis': ['T082']}]}, 'sectionId': 1, 'segmentId': 4, 'sentenceId': 4, 'status': 'CURRENT', 'textSpan': [{'begin': 126, 'end': 130, 'text': 'Left'}], 'type': 'MODIFIER'}"
46,43169_1796666_20170627024615.121.json,,26097-6,"{'textSpan': {'text': 'X-Ray', 'beginOffset': 3216}, 'certainty': 'NEGATIVE', 'status': 'CURRENT', 'section': {'text': 'Diagnostics', 'beginOffset': 3179}}","{'certainty': 'NEGATIVE', 'confidence': 0.5, 'drugStatus': None, 'id': 179, 'metadata': {'drugData': {'dose': [], 'form': [], 'frequency': [], 'route': [], 'strength': [], 'unit': []}, 'labData': {'method': [], 'system': [], 'unit': [], 'value': []}, 'measData': {'unit': [], 'value': []}, 'normalization': [{'begin': [3216], 'cuis': ['C1962945'], 'end': [3221], 'sourceType': ['SNOMEDCT_US'], 'suis': [], 'tuis': ['T060']}, {'begin': [3216], 'cuis': ['C0439122', 'C0441950'], 'end': [3217], 'sourceType': ['SNOMEDCT_US', 'SNOMEDCT_US'], 'suis': [], 'tuis': ['T170', 'T170']}, {'begin': [3218], 'cuis': ['C0851346', 'C1428870'], 'end': [3221], 'sourceType': ['CHV', 'HGNC'], 'suis': [], 'tuis': ['T070', 'T028']}]}, 'sectionId': 56, 'segmentId': 77, 'sentenceId': 78, 'status': 'CURRENT', 'textSpan': [{'begin': 3216, 'end': 3221, 'text': 'X-Ray'}], 'type': 'PROCEDURE'}"
47,43169_1796666_20170627024615.121.json,,26097-6,"{'textSpan': {'text': 'Ankle', 'beginOffset': 3232}, 'certainty': 'NEGATIVE', 'status': 'CURRENT', 'section': {'text': 'Diagnostics', 'beginOffset': 3179}}","{'certainty': 'NEGATIVE', 'confidence': 0.5, 'drugStatus': None, 'id': 123, 'metadata': {'drugData': {'dose': [], 'form': [], 'frequency': [], 'route': [], 'strength': [], 'unit': []}, 'labData': {'method': [], 'system': [], 'unit': [], 'value': []}, 'measData': {'unit': [], 'value': []}, 'normalization': [{'begin': [3232], 'cuis': ['C0003086'], 'end': [3237], 'sourceType': ['MTH'], 'suis': [], 'tuis': ['T029']}]}, 'sectionId': 56, 'segmentId': 77, 'sentenceId': 78, 'status': 'CURRENT', 'textSpan': [{'begin': 3232, 'end': 3237, 'text': 'Ankle'}], 'type': 'ANATOMICAL_STRUCTURE'}"
48,10942_PS360A0000036884_20181023182030.147.json,,26129-7,"{'textSpan': {'text': 'XR', 'beginOffset': 518}, 'certainty': 'POSITIVE', 'status': 'CURRENT', 'section': {'text': 'EXAM', 'beginOffset': 512}}","{'certainty': 'POSITIVE', 'confidence': 0.5, 'drugStatus': 'CONTINUE', 'id': 5, 'metadata': {'drugData': {'dose': [], 'form': [], 'frequency': [], 'route': [], 'strength': [], 'unit': []}, 'labData': {'method': [], 'system': [], 'unit': [], 'value': []}, 'measData': {'unit': [], 'value': []}, 'normalization': [{'begin': [518], 'cuis': ['C0038976', 'C0043309', 'C1707968', 'C1962945'], 'end': [520], 'sourceType': ['NCI', 'LNC', 'NCI', 'LNC'], 'suis': [], 'tuis': ['T083', 'T070', 'T122', 'T060']}]}, 'sectionId': 9, 'segmentId': 17, 'sentenceId': 18, 'status': 'CURRENT', 'textSpan': [{'begin': 518, 'end': 520, 'text': 'XR'}], 'type': 'MEDICINE'}"
49,27393_4534471_part1.json,,44115-4,"{'textSpan': {'text': 'CT', 'beginOffset': 1737}, 'certainty': 'POSITIVE', 'status': 'CURRENT', 'section': {'text': 'HOSPITAL COURSE', 'beginOffset': 1013}}","{'certainty': 'POSITIVE', 'confidence': 0.5, 'drugStatus': None, 'id': 62, 'metadata': {'drugData': {'dose': [], 'form': [], 'frequency': [], 'route': [], 'strength': [], 'unit': []}, 'labData': {'method': [], 'system': [], 'unit': [], 'value': []}, 'measData': {'unit': [], 'value': []}, 'normalization': [{'begin': [1737], 'cuis': ['C0040405', 'C0040405', 'C0040405'], 'end': [1744], 'sourceType': ['MDR', 'NCI_CDISC', 'NCI_GDC'], 'suis': [], 'tuis': ['T060', 'T060', 'T060']}, {'begin': [1737], 'cuis': ['C0040405'], 'end': [1739], 'sourceType': ['NCI'], 'suis': [], 'tuis': ['T060']}, {'begin': [1740], 'cuis': ['C0441633', 'C0441633'], 'end': [1744], 'sourceType': ['MDR', 'NCI_NCI-GLOSS'], 'suis': [], 'tuis': ['T060', 'T060']}]}, 'sectionId': 10, 'segmentId': 38, 'sentenceId': 42, 'status': 'CURRENT', 'textSpan': [{'begin': 1737, 'end': 1744, 'text': 'CT scan'}], 'type': 'PROCEDURE'}"
50,27393_4534471_part1.json,,44115-4,"{'textSpan': {'text': 'abdomen', 'beginOffset': 1752}, 'certainty': 'POSITIVE', 'status': 'CURRENT', 'section': {'text': 'HOSPITAL COURSE', 'beginOffset': 1013}}","{'certainty': 'POSITIVE', 'confidence': 0.5, 'drugStatus': None, 'id': 63, 'metadata': {'drugData': {'dose': [], 'form': [], 'frequency': [], 'route': [], 'strength': [], 'unit': []}, 'labData': {'method': [], 'system': [], 'unit': [], 'value': []}, 'measData': {'unit': [], 'value': []}, 'normalization': [{'begin': [1752], 'cuis': ['C0000726'], 'end': [1759], 'sourceType': ['MTH'], 'suis': [], 'tuis': ['T029']}]}, 'sectionId': 10, 'segmentId': 38, 'sentenceId': 42, 'status': 'CURRENT', 'textSpan': [{'begin': 1752, 'end': 1759, 'text': 'abdomen'}], 'type': 'ANATOMICAL_STRUCTURE'}"
51,27393_4534471_part1.json,,44115-4,"{'textSpan': {'text': 'pelvis', 'beginOffset': 1764}, 'certainty': 'POSITIVE', 'status': 'CURRENT', 'section': {'text': 'HOSPITAL COURSE', 'beginOffset': 1013}}","{'certainty': 'POSITIVE', 'confidence': 0.5, 'drugStatus': None, 'id': 64, 'metadata': {'drugData': {'dose': [], 'form': [], 'frequency': [], 'route': [], 'strength': [], 'unit': []}, 'labData': {'method': [], 'system': [], 'unit': [], 'value': []}, 'measData': {'unit': [], 'value': []}, 'normalization': [{'begin': [1764], 'cuis': ['C0030797'], 'end': [1770], 'sourceType': ['MTH'], 'suis': [], 'tuis': ['T023']}]}, 'sectionId': 10, 'segmentId': 38, 'sentenceId': 42, 'status': 'CURRENT', 'textSpan': [{'begin': 1764, 'end': 1770, 'text': 'pelvis'}], 'type': 'ANATOMICAL_STRUCTURE'}"
52,23774_265223313.json,,26128-9,"{'textSpan': {'text': 'XR', 'beginOffset': 151}, 'certainty': 'POSITIVE', 'status': 'CURRENT', 'section': {'text': 'Report Unknown Section', 'beginOffset': 0}}","{'certainty': 'POSITIVE', 'confidence': 0.5, 'drugStatus': None, 'id': 49, 'metadata': {'drugData': {'dose': [], 'form': [], 'frequency': [], 'route': [], 'strength': [], 'unit': []}, 'labData': {'method': [], 'system': [], 'unit': [], 'value': []}, 'measData': {'unit': [], 'value': []}, 'normalization': [{'begin': [151], 'cuis': ['C1962945'], 'end': [153], 'sourceType': ['LNC'], 'suis': [], 'tuis': ['T060']}]}, 'sectionId': 1, 'segmentId': 4, 'sentenceId': 4, 'status': 'CURRENT', 'textSpan': [{'begin': 151, 'end': 153, 'text': 'XR'}], 'type': 'PROCEDURE'}"
53,23774_265223313.json,,26128-9,"{'textSpan': {'text': 'Left', 'beginOffset': 126}, 'certainty': 'POSITIVE', 'status': 'CURRENT', 'section': {'text': 'Report Unknown Section', 'beginOffset': 0}}","{'certainty': 'POSITIVE', 'confidence': 0.5, 'drugStatus': None, 'id': 46, 'metadata': {'drugData': {'dose': [], 'form': [], 'frequency': [], 'route': [], 'strength': [], 'unit': []}, 'labData': {'method': [], 'system': [], 'unit': [], 'value': []}, 'measData': {'unit': [], 'value': []}, 'normalization': [{'begin': [126], 'cuis': ['C0205091'], 'end': [130], 'sourceType': ['MTH'], 'suis': [], 'tuis': ['T082']}]}, 'sectionId': 1, 'segmentId': 4, 'sentenceId': 4, 'status': 'CURRENT', 'textSpan': [{'begin': 126, 'end': 130, 'text': 'Left'}], 'type': 'MODIFIER'}"
54,1871_01585730391.json,,24869-0,"{'textSpan': {'text': 'PELVIC', 'beginOffset': 19}, 'certainty': 'POSITIVE', 'status': 'CURRENT', 'section': {'text': 'Report Unknown Section', 'beginOffset': 0}}","{'certainty': 'POSITIVE', 'confidence': 0.5, 'drugStatus': None, 'id': 1, 'metadata': {'drugData': {'dose': [], 'form': [], 'frequency': [], 'route': [], 'strength': [], 'unit': []}, 'labData': {'method': [], 'system': [], 'unit': [], 'value': []}, 'measData': {'unit': [], 'value': []}, 'normalization': [{'begin': [19], 'cuis': ['C0948766'], 'end': [36], 'sourceType': ['MEDCIN'], 'suis': [], 'tuis': ['T060']}, {'begin': [19], 'cuis': ['C0030797'], 'end': [25], 'sourceType': ['SNOMEDCT_US'], 'suis': [], 'tuis': ['T023']}, {'begin': [26], 'cuis': ['C0041618'], 'end': [36], 'sourceType': ['SNOMEDCT_US'], 'suis': [], 'tuis': ['T060']}]}, 'sectionId': 1, 'segmentId': 2, 'sentenceId': 2, 'status': 'CURRENT', 'textSpan': [{'begin': 19, 'end': 36, 'text': 'PELVIC ULTRASOUND'}], 'type': 'PROCEDURE'}"
55,27393_4534471_part1.json,,44115-4,"{'textSpan': {'text': 'CT', 'beginOffset': 1737}, 'certainty': 'POSITIVE', 'status': 'CURRENT', 'section': {'text': 'HOSPITAL COURSE', 'beginOffset': 1013}}","{'certainty': 'POSITIVE', 'confidence': 0.5, 'drugStatus': None, 'id': 62, 'metadata': {'drugData': {'dose': [], 'form': [], 'frequency': [], 'route': [], 'strength': [], 'unit': []}, 'labData': {'method': [], 'system': [], 'unit': [], 'value': []}, 'measData': {'unit': [], 'value': []}, 'normalization': [{'begin': [1737], 'cuis': ['C0040405', 'C0040405', 'C0040405'], 'end': [1744], 'sourceType': ['MDR', 'NCI_CDISC', 'NCI_GDC'], 'suis': [], 'tuis': ['T060', 'T060', 'T060']}, {'begin': [1737], 'cuis': ['C0040405'], 'end': [1739], 'sourceType': ['NCI'], 'suis': [], 'tuis': ['T060']}, {'begin': [1740], 'cuis': ['C0441633', 'C0441633'], 'end': [1744], 'sourceType': ['MDR', 'NCI_NCI-GLOSS'], 'suis': [], 'tuis': ['T060', 'T060']}]}, 'sectionId': 10, 'segmentId': 38, 'sentenceId': 42, 'status': 'CURRENT', 'textSpan': [{'begin': 1737, 'end': 1744, 'text': 'CT scan'}], 'type': 'PROCEDURE'}"
56,27393_4534471_part1.json,,44115-4,"{'textSpan': {'text': 'abdomen', 'beginOffset': 1752}, 'certainty': 'POSITIVE', 'status': 'CURRENT', 'section': {'text': 'HOSPITAL COURSE', 'beginOffset': 1013}}","{'certainty': 'POSITIVE', 'confidence': 0.5, 'drugStatus': None, 'id': 63, 'metadata': {'drugData': {'dose': [], 'form': [], 'frequency': [], 'route': [], 'strength': [], 'unit': []}, 'labData': {'method': [], 'system': [], 'unit': [], 'value': []}, 'measData': {'unit': [], 'value': []}, 'normalization': [{'begin': [1752], 'cuis': ['C0000726'], 'end': [1759], 'sourceType': ['MTH'], 'suis': [], 'tuis': ['T029']}]}, 'sectionId': 10, 'segmentId': 38, 'sentenceId': 42, 'status': 'CURRENT', 'textSpan': [{'begin': 1752, 'end': 1759, 'text': 'abdomen'}], 'type': 'ANATOMICAL_STRUCTURE'}"
57,27393_4534471_part1.json,,44115-4,"{'textSpan': {'text': 'pelvis', 'beginOffset': 1764}, 'certainty': 'POSITIVE', 'status': 'CURRENT', 'section': {'text': 'HOSPITAL COURSE', 'beginOffset': 1013}}","{'certainty': 'POSITIVE', 'confidence': 0.5, 'drugStatus': None, 'id': 64, 'metadata': {'drugData': {'dose': [], 'form': [], 'frequency': [], 'route': [], 'strength': [], 'unit': []}, 'labData': {'method': [], 'system': [], 'unit': [], 'value': []}, 'measData': {'unit': [], 'value': []}, 'normalization': [{'begin': [1764], 'cuis': ['C0030797'], 'end': [1770], 'sourceType': ['MTH'], 'suis': [], 'tuis': ['T023']}]}, 'sectionId': 10, 'segmentId': 38, 'sentenceId': 42, 'status': 'CURRENT', 'textSpan': [{'begin': 1764, 'end': 1770, 'text': 'pelvis'}], 'type': 'ANATOMICAL_STRUCTURE'}"
58,6382_1014342.001.json,,38041-0,"{'textSpan': {'text': 'Ultrasound', 'beginOffset': 182}, 'certainty': 'POSITIVE', 'status': 'CURRENT', 'section': {'text': 'Procedure', 'beginOffset': 170}}","{'certainty': 'POSITIVE', 'confidence': 0.5, 'drugStatus': None, 'id': 5, 'metadata': {'drugData': {'dose': [], 'form': [], 'frequency': [], 'route': [], 'strength': [], 'unit': []}, 'labData': {'method': [], 'system': [], 'unit': [], 'value': []}, 'measData': {'unit': [], 'value': []}, 'normalization': [{'begin': [182], 'cuis': ['C0041618'], 'end': [192], 'sourceType': ['SNOMEDCT_US'], 'suis': [], 'tuis': ['T060']}]}, 'sectionId': 5, 'segmentId': 6, 'sentenceId': 7, 'status': 'CURRENT', 'textSpan': [{'begin': 182, 'end': 192, 'text': 'Ultrasound'}], 'type': 'PROCEDURE'}"
59,6382_1014342.001.json,,38041-0,"{'textSpan': {'text': 'left upper extremity', 'beginOffset': 211}, 'certainty': 'POSSIBLE_POSITIVE', 'status': 'CURRENT', 'section': {'text': 'Procedure', 'beginOffset': 170}}","{'certainty': 'POSITIVE', 'confidence': 0.5, 'drugStatus': None, 'id': 6, 'metadata': {'drugData': {'dose': [], 'form': [], 'frequency': [], 'route': [], 'strength': [], 'unit': []}, 'labData': {'method': [], 'system': [], 'unit': [], 'value': []}, 'measData': {'unit': [], 'value': []}, 'normalization': [{'begin': [211], 'cuis': ['C0205091'], 'end': [215], 'sourceType': ['MTH'], 'suis': [], 'tuis': ['T082']}]}, 'sectionId': 5, 'segmentId': 6, 'sentenceId': 7, 'status': 'CURRENT', 'textSpan': [{'begin': 211, 'end': 215, 'text': 'left'}], 'type': 'MODIFIER'}"
